{
  "$schema": "https://raw.githubusercontent.com/DotNetAnalyzers/StyleCopAnalyzers/master/StyleCop.Analyzers/StyleCop.Analyzers/Settings/stylecop.schema.json",
  "settings": {
    "documentationRules": {
      "companyName": "BIPROGY Inc.",
      "copyrightText": " Copyright (c) 2023 {companyName} All rights reserved.\n BIPROGY INTERNAL USE ONLY.",
      "headerDecoration": "-----------------------------------------------------------------------",
      "documentInterfaces": true,
      "documentExposedElements": true,
      "documentInternalElements": true,
      "documentPrivateElements": false,
      "documentPrivateFields": false,
      "documentationCulture": "ja-jp",
      "fileNamingConvention": "stylecop",
      "excludeFromPunctuationCheck": [ "seealso" ]
    },
    "indentation": {
      "indentationSize": 4,
      "tabSize": 4,
      "useTabs": false
    },
    "readabilityRules": {
      "allowBuiltInTypeAliases": false
    },
    "orderingRules": {
      "elementOrder": [ "kind", "accessibility", "constant", "static", "readonly" ],
      "systemUsingDirectivesFirst": true,
      "usingDirectivesPlacement": "outsideNamespace",
      "blankLinesBetweenUsingGroups": "allow"
    },
    "namingRules": {
      "allowCommonHungarianPrefixes": true,
      "allowedHungarianPrefixes": [ "db" ],
      "allowedNamespaceComponents": [],
      "includeInferredTupleElementNames": true,
      "tupleElementNameCasing": "PascalCase"
    },
    "maintainabilityRules": {
      "topLevelTypes": [ "class", "struct", "interface", "enum" ]
    },
    "layoutRules": {
      "newlineAtEndOfFile": "allow",
      "allowConsecutiveUsings": true
    }
  }
}